- name: "State Farm Stadium - Arizona Cardinals"
  lat: 33.5276
  lon: -112.2626

- name: "Mercedes-Benz Stadium - Atlanta Falcons"
  lat: 33.7550
  lon: -84.4008

- name: "M&T Bank Stadium - Baltimore Ravens"
  lat: 39.2780
  lon: -76.6227

- name: "Highmark Stadium - Buffalo Bills"
  lat: 42.7738
  lon: -78.7869

- name: "Bank of America Stadium - Carolina Panthers"
  lat: 35.2258
  lon: -80.8528

- name: "Soldier Field - Chicago Bears"
  lat: 41.8623
  lon: -87.6167

- name: "Paycor Stadium - Cincinnati Bengals"
  lat: 39.0954
  lon: -84.5160

- name: "Huntington Bank Field - Cleveland Browns"
  lat: 41.5061
  lon: -81.6995

- name: "AT&T Stadium - Dallas Cowboys"
  lat: 32.7473
  lon: -97.0945

- name: "Empower Field at Mile High - Denver Broncos"
  lat: 39.7439
  lon: -105.0201

- name: "Ford Field - Detroit Lions"
  lat: 42.3400
  lon: -83.0456

- name: "Lambeau Field - Green Bay Packers"
  lat: 44.5013
  lon: -88.0622

- name: "NRG Stadium - Houston Texans"
  lat: 29.6847
  lon: -95.4107

- name: "Lucas Oil Stadium - Indianapolis Colts"
  lat: 39.7601
  lon: -86.1639

- name: "EverBank Stadium - Jacksonville Jaguars"
  lat: 30.3239
  lon: -81.6373

- name: "GEHA Field at Arrowhead Stadium - Kansas City Chiefs"
  lat: 39.0489
  lon: -94.4839

- name: "Allegiant Stadium - Las Vegas Raiders"
  lat: 36.0908
  lon: -115.1830

- name: "SoFi Stadium - Los Angeles Rams"
  lat: 33.9535
  lon: -118.3392

- name: "SoFi Stadium - Los Angeles Chargers"
  lat: 33.9535
  lon: -118.3392

- name: "Hard Rock Stadium - Miami Dolphins"
  lat: 25.9580
  lon: -80.2389

- name: "U.S. Bank Stadium - Minnesota Vikings"
  lat: 44.9737
  lon: -93.2581

- name: "Gillette Stadium - New England Patriots"
  lat: 42.0909
  lon: -71.2643

- name: "Caesars Superdome - New Orleans Saints"
  lat: 29.9511
  lon: -90.0812

- name: "MetLife Stadium - New York Giants"
  lat: 40.8135
  lon: -74.0745

- name: "MetLife Stadium - New York Jets"
  lat: 40.8135
  lon: -74.0745

- name: "Lincoln Financial Field - Philadelphia Eagles"
  lat: 39.9008
  lon: -75.1675

- name: "Acrisure Stadium - Pittsburgh Steelers"
  lat: 40.4468
  lon: -80.0158

- name: "Levi's Stadium - San Francisco 49ers"
  lat: 37.4030
  lon: -121.9700

- name: "Lumen Field - Seattle Seahawks"
  lat: 47.5952
  lon: -122.3316

- name: "Raymond James Stadium - Tampa Bay Buccaneers"
  lat: 27.9759
  lon: -82.5033

- name: "Nissan Stadium - Tennessee Titans"
  lat: 36.1665
  lon: -86.7713

- name: "Northwest Stadium - Washington Commanders"
  lat: 38.9078
  lon: -76.8644
